1109,Janam Pandey,janam,admin,janampandey2@gmail.com
1003,Kushal Bhattarai,kushal,admin,kushal@gmail.com
1151,sujan,Sujan Shrestha,admin1,sujan@gmail.com
1551,Sagar Thakuri,sagar,admin,sagar@gmail.com
1800,Suresh Shrestha,suresh,hello,suresh@gmail.com
1600,Saurav Shrestha,saurav,admin,saurav@gmmail.com
1900,Saurav Shrestha,saurav,admin,Saurav@gmail.com
1440,naresh,Naresh Shrestha,admin,naresh@gmail.com
1900,Saurav Shrestha,saurav,admin,saurav@gmail.com
2222,sagar555,Sagar Khatri,admin,sagar11@gmail.com
7777,user use,useruese,admin,useruse@gmail.com
4444,Saurav Shrestha,saurav11,admin,saura11@gmail.com
8888,tiger Shrestha,lion,admin,tiger11@gmail.com
4568,suyog24,Suyog Poudel,admin,suyog@gmail.com
9999,testuser,test user,admin1,testuser11@gmail.com
